TR_scanner,morphParam,states,B_prob,TR_milgram,Run,Sub,eachTime,image,perfect_trials,points,successful_trials,timestamp
1,,ITI,0,,4.0,sub004,0.05,/home/watts/Desktop/ntblab/kailong/rt-cloud/projects/rtSynth_rt/expScripts/feedback/carchair_exp_feedback/bedTable_4_5.png,0.0,0.0,0.0,
2,,ITI,0.4804932464192547,1,4.0,sub004,0.05,/home/watts/Desktop/ntblab/kailong/rt-cloud/projects/rtSynth_rt/expScripts/feedback/carchair_exp_feedback/bedTable_4_5.png,0.0,0.0,0.0,1624578198.2432292
3,,ITI,0.05763511128598902,2,4.0,sub004,0.05,/home/watts/Desktop/ntblab/kailong/rt-cloud/projects/rtSynth_rt/expScripts/feedback/carchair_exp_feedback/bedTable_4_5.png,0.0,0.0,0.0,1624578200.14992
4,,ITI,0.34982100290000434,3,4.0,sub004,0.05,/home/watts/Desktop/ntblab/kailong/rt-cloud/projects/rtSynth_rt/expScripts/feedback/carchair_exp_feedback/bedTable_4_5.png,0.0,0.0,0.0,1624578202.236835
5,,ITI,0.6316303652439403,4,4.0,sub004,0.05,/home/watts/Desktop/ntblab/kailong/rt-cloud/projects/rtSynth_rt/expScripts/feedback/carchair_exp_feedback/bedTable_4_5.png,0.0,0.0,0.0,1624578204.2390199
6,,waiting,0.5171179607857976,5,4.0,sub004,0.05,/home/watts/Desktop/ntblab/kailong/rt-cloud/projects/rtSynth_rt/expScripts/feedback/carchair_exp_feedback/bedTable_4_5.png,0.0,0.0,0.0,1624578206.1453598
7,13,waiting,0.48963432168662085,6,4.0,sub004,0.05,/home/watts/Desktop/ntblab/kailong/rt-cloud/projects/rtSynth_rt/expScripts/feedback/carchair_exp_feedback/bedTable_4_5.png,0.0,0.0,0.0,1624578208.2555904
8,13,waiting,0.06420054134999921,7,4.0,sub004,0.05,/home/watts/Desktop/ntblab/kailong/rt-cloud/projects/rtSynth_rt/expScripts/feedback/carchair_exp_feedback/bedTable_4_5.png,0.0,0.0,0.0,1624578210.1465569
9,13,feedback,0.5562533713275135,8,4.0,sub004,0.05,/home/watts/Desktop/ntblab/kailong/rt-cloud/projects/rtSynth_rt/expScripts/feedback/carchair_exp_feedback/bedTable_4_5.png,0.0,0.0,0.0,1624578212.250804
10,13,feedback,0.4822308255827842,9,4.0,sub004,0.05,/home/watts/Desktop/ntblab/kailong/rt-cloud/projects/rtSynth_rt/expScripts/feedback/carchair_exp_feedback/bedTable_4_5.png,0.0,0.0,0.0,1624578214.1508875
11,13,feedback,0.5404085300838896,10,4.0,sub004,0.05,/home/watts/Desktop/ntblab/kailong/rt-cloud/projects/rtSynth_rt/expScripts/feedback/carchair_exp_feedback/bedTable_4_5.png,0.0,0.0,0.0,1624578216.2372842
12,9,feedback,0.8949086231722454,11,4.0,sub004,0.05,/home/watts/Desktop/ntblab/kailong/rt-cloud/projects/rtSynth_rt/expScripts/feedback/carchair_exp_feedback/bedTable_3_5.png,0.0,0.0,0.0,1624578218.1400971
13,9,feedback,0.5157787906853684,12,4.0,sub004,0.05,/home/watts/Desktop/ntblab/kailong/rt-cloud/projects/rtSynth_rt/expScripts/feedback/carchair_exp_feedback/bedTable_3_5.png,0.0,0.0,0.0,1624578220.2425766
14,9,ITI,0.19409739174999358,13,4.0,sub004,0.05,/home/watts/Desktop/ntblab/kailong/rt-cloud/projects/rtSynth_rt/expScripts/feedback/carchair_exp_feedback/bedTable_3_5.png,0.0,0.0,0.0,1624578222.1446419
15,9,ITI,0.7129274045743019,14,4.0,sub004,0.05,/home/watts/Desktop/ntblab/kailong/rt-cloud/projects/rtSynth_rt/expScripts/feedback/carchair_exp_feedback/bedTable_3_5.png,0.0,0.0,0.0,1624578224.2402668
16,9,ITI,0.8353461617399827,15,4.0,sub004,0.05,/home/watts/Desktop/ntblab/kailong/rt-cloud/projects/rtSynth_rt/expScripts/feedback/carchair_exp_feedback/bedTable_3_5.png,0.0,0.0,0.0,1624578226.1404314
17,9,ITI,0.04931961805170625,16,4.0,sub004,0.05,/home/watts/Desktop/ntblab/kailong/rt-cloud/projects/rtSynth_rt/expScripts/feedback/carchair_exp_feedback/bedTable_3_5.png,0.0,0.0,0.0,1624578228.2634509
18,9,ITI,0.9746015446325498,17,4.0,sub004,0.05,/home/watts/Desktop/ntblab/kailong/rt-cloud/projects/rtSynth_rt/expScripts/feedback/carchair_exp_feedback/bedTable_3_5.png,0.0,0.0,0.0,1624578230.1648564
19,9,ITI,0.8484778007306828,18,4.0,sub004,0.05,/home/watts/Desktop/ntblab/kailong/rt-cloud/projects/rtSynth_rt/expScripts/feedback/carchair_exp_feedback/bedTable_3_5.png,0.0,0.0,0.0,1624578232.2469962
20,9,waiting,0.03624582163811089,19,4.0,sub004,0.05,/home/watts/Desktop/ntblab/kailong/rt-cloud/projects/rtSynth_rt/expScripts/feedback/carchair_exp_feedback/bedTable_3_5.png,0.0,0.0,0.0,1624578234.1712875
21,13,waiting,0.45050365548588794,20,4.0,sub004,0.05,/home/watts/Desktop/ntblab/kailong/rt-cloud/projects/rtSynth_rt/expScripts/feedback/carchair_exp_feedback/bedTable_3_5.png,0.0,0.0,0.0,1624578236.2842243
22,13,waiting,0.1378746199670028,21,4.0,sub004,0.05,/home/watts/Desktop/ntblab/kailong/rt-cloud/projects/rtSynth_rt/expScripts/feedback/carchair_exp_feedback/bedTable_3_5.png,0.0,0.0,0.0,1624578238.1897879
23,13,feedback,0.5154917926823126,22,4.0,sub004,0.05,/home/watts/Desktop/ntblab/kailong/rt-cloud/projects/rtSynth_rt/expScripts/feedback/carchair_exp_feedback/bedTable_4_5.png,0.0,0.0,0.0,1624578240.261173
24,9,feedback,0.9305536571112297,23,4.0,sub004,0.05,/home/watts/Desktop/ntblab/kailong/rt-cloud/projects/rtSynth_rt/expScripts/feedback/carchair_exp_feedback/bedTable_3_5.png,0.0,0.0,0.0,1624578242.118121
25,5,feedback,0.8672522048216765,24,4.0,sub004,0.05,/home/watts/Desktop/ntblab/kailong/rt-cloud/projects/rtSynth_rt/expScripts/feedback/carchair_exp_feedback/bedTable_2_5.png,0.0,0.0,0.0,1624578244.2154796
26,1,feedback,0.738775523412222,25,4.0,sub004,0.05,/home/watts/Desktop/ntblab/kailong/rt-cloud/projects/rtSynth_rt/expScripts/feedback/carchair_exp_feedback/bedTable_1_5.png,0.0,0.0,0.0,1624578246.3177655
27,1,feedback,0.943622020571897,26,4.0,sub004,0.05,/home/watts/Desktop/ntblab/kailong/rt-cloud/projects/rtSynth_rt/expScripts/feedback/carchair_exp_feedback/bedTable_1_5.png,0.0,0.0,0.0,1624578248.2119768
28,1,ITI,0.719141132657886,27,4.0,sub004,0.05,/home/watts/Desktop/ntblab/kailong/rt-cloud/projects/rtSynth_rt/expScripts/feedback/carchair_exp_feedback/bedTable_1_5.png,0.0,0.0,0.0,1624578250.2990544
29,1,ITI,0.6629814217461726,28,4.0,sub004,0.05,/home/watts/Desktop/ntblab/kailong/rt-cloud/projects/rtSynth_rt/expScripts/feedback/carchair_exp_feedback/bedTable_1_5.png,1.0,0.0,1.0,1624578252.2319257
30,1,ITI,0.5874093595341539,29,4.0,sub004,0.05,/home/watts/Desktop/ntblab/kailong/rt-cloud/projects/rtSynth_rt/expScripts/feedback/carchair_exp_feedback/bedTable_1_5.png,1.0,0.0,1.0,1624578254.2575421
31,1,ITI,0.05387629970249401,30,4.0,sub004,0.05,/home/watts/Desktop/ntblab/kailong/rt-cloud/projects/rtSynth_rt/expScripts/feedback/carchair_exp_feedback/bedTable_1_5.png,1.0,0.0,1.0,1624578256.1562374
32,1,ITI,0.23878492104788213,31,4.0,sub004,0.05,/home/watts/Desktop/ntblab/kailong/rt-cloud/projects/rtSynth_rt/expScripts/feedback/carchair_exp_feedback/bedTable_1_5.png,1.0,0.0,1.0,1624578258.2721825
33,1,ITI,0.1524604009809591,32,4.0,sub004,0.05,/home/watts/Desktop/ntblab/kailong/rt-cloud/projects/rtSynth_rt/expScripts/feedback/carchair_exp_feedback/bedTable_1_5.png,1.0,0.0,1.0,1624578260.1834106
34,1,waiting,0.4167324699605721,33,4.0,sub004,0.05,/home/watts/Desktop/ntblab/kailong/rt-cloud/projects/rtSynth_rt/expScripts/feedback/carchair_exp_feedback/bedTable_1_5.png,1.0,0.0,1.0,1624578262.3238883
35,13,waiting,0.30972925551668257,34,4.0,sub004,0.05,/home/watts/Desktop/ntblab/kailong/rt-cloud/projects/rtSynth_rt/expScripts/feedback/carchair_exp_feedback/bedTable_1_5.png,1.0,0.0,1.0,1624578264.2232594
36,13,waiting,0.044484887152004875,35,4.0,sub004,0.05,/home/watts/Desktop/ntblab/kailong/rt-cloud/projects/rtSynth_rt/expScripts/feedback/carchair_exp_feedback/bedTable_1_5.png,1.0,0.0,1.0,1624578266.2141955
37,13,feedback,0.00016958455613234424,36,4.0,sub004,0.05,/home/watts/Desktop/ntblab/kailong/rt-cloud/projects/rtSynth_rt/expScripts/feedback/carchair_exp_feedback/bedTable_4_5.png,1.0,0.0,1.0,1624578268.2890844
38,9,feedback,0.9463586115758111,37,4.0,sub004,0.05,/home/watts/Desktop/ntblab/kailong/rt-cloud/projects/rtSynth_rt/expScripts/feedback/carchair_exp_feedback/bedTable_3_5.png,1.0,0.0,1.0,1624578270.2084894
39,5,feedback,0.9276337053075974,38,4.0,sub004,0.05,/home/watts/Desktop/ntblab/kailong/rt-cloud/projects/rtSynth_rt/expScripts/feedback/carchair_exp_feedback/bedTable_2_5.png,1.0,0.0,1.0,1624578272.2770083
40,1,feedback,0.6917149211439846,39,4.0,sub004,0.05,/home/watts/Desktop/ntblab/kailong/rt-cloud/projects/rtSynth_rt/expScripts/feedback/carchair_exp_feedback/bedTable_1_5.png,1.0,0.0,1.0,1624578274.1538067
41,1,feedback,0.556439908730139,40,4.0,sub004,0.05,/home/watts/Desktop/ntblab/kailong/rt-cloud/projects/rtSynth_rt/expScripts/feedback/carchair_exp_feedback/bedTable_1_5.png,1.0,0.0,1.0,1624578276.2534144
42,1,ITI,0.6678594736470761,41,4.0,sub004,0.05,/home/watts/Desktop/ntblab/kailong/rt-cloud/projects/rtSynth_rt/expScripts/feedback/carchair_exp_feedback/bedTable_1_5.png,1.0,0.0,1.0,1624578278.1677675
43,1,ITI,0.38572939185395844,42,4.0,sub004,0.05,/home/watts/Desktop/ntblab/kailong/rt-cloud/projects/rtSynth_rt/expScripts/feedback/carchair_exp_feedback/bedTable_1_5.png,1.0,0.0,2.0,1624578280.2810388
44,1,ITI,0.6044643499754153,43,4.0,sub004,0.05,/home/watts/Desktop/ntblab/kailong/rt-cloud/projects/rtSynth_rt/expScripts/feedback/carchair_exp_feedback/bedTable_1_5.png,1.0,0.0,2.0,1624578282.1983888
45,1,ITI,0.004437837456469642,44,4.0,sub004,0.05,/home/watts/Desktop/ntblab/kailong/rt-cloud/projects/rtSynth_rt/expScripts/feedback/carchair_exp_feedback/bedTable_1_5.png,1.0,0.0,2.0,1624578284.3170688
46,1,ITI,0.4802508472968565,45,4.0,sub004,0.05,/home/watts/Desktop/ntblab/kailong/rt-cloud/projects/rtSynth_rt/expScripts/feedback/carchair_exp_feedback/bedTable_1_5.png,1.0,0.0,2.0,1624578286.2096412
47,1,ITI,0.03614993182150957,46,4.0,sub004,0.05,/home/watts/Desktop/ntblab/kailong/rt-cloud/projects/rtSynth_rt/expScripts/feedback/carchair_exp_feedback/bedTable_1_5.png,1.0,0.0,2.0,1624578288.312194
48,1,waiting,0.30292717907676564,47,4.0,sub004,0.05,/home/watts/Desktop/ntblab/kailong/rt-cloud/projects/rtSynth_rt/expScripts/feedback/carchair_exp_feedback/bedTable_1_5.png,1.0,0.0,2.0,1624578290.228204
49,13,waiting,0.31527105339581046,48,4.0,sub004,0.05,/home/watts/Desktop/ntblab/kailong/rt-cloud/projects/rtSynth_rt/expScripts/feedback/carchair_exp_feedback/bedTable_1_5.png,1.0,0.0,2.0,1624578292.2564898
50,13,waiting,0.5216599887378481,49,4.0,sub004,0.05,/home/watts/Desktop/ntblab/kailong/rt-cloud/projects/rtSynth_rt/expScripts/feedback/carchair_exp_feedback/bedTable_1_5.png,1.0,0.0,2.0,1624578294.1114104
51,13,feedback,0.4995462424035377,50,4.0,sub004,0.05,/home/watts/Desktop/ntblab/kailong/rt-cloud/projects/rtSynth_rt/expScripts/feedback/carchair_exp_feedback/bedTable_4_5.png,1.0,0.0,2.0,1624578296.208961
52,9,feedback,0.7670281055495529,51,4.0,sub004,0.05,/home/watts/Desktop/ntblab/kailong/rt-cloud/projects/rtSynth_rt/expScripts/feedback/carchair_exp_feedback/bedTable_3_5.png,1.0,0.0,2.0,1624578298.3256052
53,5,feedback,0.974941512269357,52,4.0,sub004,0.05,/home/watts/Desktop/ntblab/kailong/rt-cloud/projects/rtSynth_rt/expScripts/feedback/carchair_exp_feedback/bedTable_2_5.png,1.0,0.0,2.0,1624578300.2747903
54,1,feedback,0.9221367306175834,53,4.0,sub004,0.05,/home/watts/Desktop/ntblab/kailong/rt-cloud/projects/rtSynth_rt/expScripts/feedback/carchair_exp_feedback/bedTable_1_5.png,1.0,0.0,2.0,1624578302.1636958
55,1,feedback,0.5567953593701445,54,4.0,sub004,0.05,/home/watts/Desktop/ntblab/kailong/rt-cloud/projects/rtSynth_rt/expScripts/feedback/carchair_exp_feedback/bedTable_1_5.png,1.0,0.0,2.0,1624578304.252842
56,1,ITI,0.5532452410592215,55,4.0,sub004,0.05,/home/watts/Desktop/ntblab/kailong/rt-cloud/projects/rtSynth_rt/expScripts/feedback/carchair_exp_feedback/bedTable_1_5.png,1.0,0.0,2.0,1624578306.1323338
57,1,ITI,0.4388750934703193,56,4.0,sub004,0.05,/home/watts/Desktop/ntblab/kailong/rt-cloud/projects/rtSynth_rt/expScripts/feedback/carchair_exp_feedback/bedTable_1_5.png,1.0,0.0,3.0,1624578308.244089
58,1,ITI,0.06754084474063046,57,4.0,sub004,0.05,/home/watts/Desktop/ntblab/kailong/rt-cloud/projects/rtSynth_rt/expScripts/feedback/carchair_exp_feedback/bedTable_1_5.png,1.0,0.0,3.0,1624578310.1836045
59,1,ITI,0.46285353876719243,58,4.0,sub004,0.05,/home/watts/Desktop/ntblab/kailong/rt-cloud/projects/rtSynth_rt/expScripts/feedback/carchair_exp_feedback/bedTable_1_5.png,1.0,0.0,3.0,1624578312.3192422
60,1,ITI,0.0009427132071502638,59,4.0,sub004,0.05,/home/watts/Desktop/ntblab/kailong/rt-cloud/projects/rtSynth_rt/expScripts/feedback/carchair_exp_feedback/bedTable_1_5.png,1.0,0.0,3.0,1624578314.2371502
61,1,ITI,0.48281337990224177,60,4.0,sub004,0.05,/home/watts/Desktop/ntblab/kailong/rt-cloud/projects/rtSynth_rt/expScripts/feedback/carchair_exp_feedback/bedTable_1_5.png,1.0,0.0,3.0,1624578316.1668699
62,1,waiting,0.16447041370465773,61,4.0,sub004,0.05,/home/watts/Desktop/ntblab/kailong/rt-cloud/projects/rtSynth_rt/expScripts/feedback/carchair_exp_feedback/bedTable_1_5.png,1.0,0.0,3.0,1624578318.2730353
63,13,waiting,0.9966216518370911,62,4.0,sub004,0.05,/home/watts/Desktop/ntblab/kailong/rt-cloud/projects/rtSynth_rt/expScripts/feedback/carchair_exp_feedback/bedTable_1_5.png,1.0,0.0,3.0,1624578320.1948874
64,13,waiting,0.9636573138203804,63,4.0,sub004,0.05,/home/watts/Desktop/ntblab/kailong/rt-cloud/projects/rtSynth_rt/expScripts/feedback/carchair_exp_feedback/bedTable_1_5.png,1.0,0.0,3.0,1624578322.3138652
65,13,feedback,0.20802766318651114,64,4.0,sub004,0.05,/home/watts/Desktop/ntblab/kailong/rt-cloud/projects/rtSynth_rt/expScripts/feedback/carchair_exp_feedback/bedTable_4_5.png,1.0,0.0,3.0,1624578324.2223146
66,9,feedback,0.9641934944959825,65,4.0,sub004,0.05,/home/watts/Desktop/ntblab/kailong/rt-cloud/projects/rtSynth_rt/expScripts/feedback/carchair_exp_feedback/bedTable_3_5.png,1.0,0.0,3.0,1624578326.2246702
67,5,feedback,0.9763665027312389,66,4.0,sub004,0.05,/home/watts/Desktop/ntblab/kailong/rt-cloud/projects/rtSynth_rt/expScripts/feedback/carchair_exp_feedback/bedTable_2_5.png,1.0,0.0,3.0,1624578328.2447832
68,5,feedback,0.3836087616702237,67,4.0,sub004,0.05,/home/watts/Desktop/ntblab/kailong/rt-cloud/projects/rtSynth_rt/expScripts/feedback/carchair_exp_feedback/bedTable_2_5.png,1.0,0.0,3.0,1624578330.159779
69,1,feedback,0.9639003420510126,68,4.0,sub004,0.05,/home/watts/Desktop/ntblab/kailong/rt-cloud/projects/rtSynth_rt/expScripts/feedback/carchair_exp_feedback/bedTable_1_5.png,1.0,0.0,3.0,1624578332.2919807
70,1,ITI,0.15394653137087438,69,4.0,sub004,0.05,/home/watts/Desktop/ntblab/kailong/rt-cloud/projects/rtSynth_rt/expScripts/feedback/carchair_exp_feedback/bedTable_1_5.png,1.0,0.0,3.0,1624578334.1900873
71,1,ITI,0.692562995794243,70,4.0,sub004,0.05,/home/watts/Desktop/ntblab/kailong/rt-cloud/projects/rtSynth_rt/expScripts/feedback/carchair_exp_feedback/bedTable_1_5.png,1.0,0.0,4.0,1624578336.282519
72,1,ITI,0.5784320123246859,71,4.0,sub004,0.05,/home/watts/Desktop/ntblab/kailong/rt-cloud/projects/rtSynth_rt/expScripts/feedback/carchair_exp_feedback/bedTable_1_5.png,1.0,0.0,4.0,1624578338.1766355
73,1,ITI,0.9099750547369314,72,4.0,sub004,0.05,/home/watts/Desktop/ntblab/kailong/rt-cloud/projects/rtSynth_rt/expScripts/feedback/carchair_exp_feedback/bedTable_1_5.png,1.0,0.0,4.0,1624578340.276457
74,1,ITI,0.03624364647535366,73,4.0,sub004,0.05,/home/watts/Desktop/ntblab/kailong/rt-cloud/projects/rtSynth_rt/expScripts/feedback/carchair_exp_feedback/bedTable_1_5.png,1.0,0.0,4.0,1624578342.1927035
75,1,ITI,0.000445494221281502,74,4.0,sub004,0.05,/home/watts/Desktop/ntblab/kailong/rt-cloud/projects/rtSynth_rt/expScripts/feedback/carchair_exp_feedback/bedTable_1_5.png,1.0,0.0,4.0,1624578344.2968924
76,1,waiting,0.01848650259597728,75,4.0,sub004,0.05,/home/watts/Desktop/ntblab/kailong/rt-cloud/projects/rtSynth_rt/expScripts/feedback/carchair_exp_feedback/bedTable_1_5.png,1.0,0.0,4.0,1624578346.1974828
77,13,waiting,0.11413430929698952,76,4.0,sub004,0.05,/home/watts/Desktop/ntblab/kailong/rt-cloud/projects/rtSynth_rt/expScripts/feedback/carchair_exp_feedback/bedTable_1_5.png,1.0,0.0,4.0,1624578348.2824552
78,13,waiting,0.4813333833966184,77,4.0,sub004,0.05,/home/watts/Desktop/ntblab/kailong/rt-cloud/projects/rtSynth_rt/expScripts/feedback/carchair_exp_feedback/bedTable_1_5.png,1.0,0.0,4.0,1624578350.1868448
79,13,feedback,0.48264834070244295,78,4.0,sub004,0.05,/home/watts/Desktop/ntblab/kailong/rt-cloud/projects/rtSynth_rt/expScripts/feedback/carchair_exp_feedback/bedTable_4_5.png,1.0,0.0,4.0,1624578352.281693
80,13,feedback,0.4027021319643123,79,4.0,sub004,0.05,/home/watts/Desktop/ntblab/kailong/rt-cloud/projects/rtSynth_rt/expScripts/feedback/carchair_exp_feedback/bedTable_4_5.png,1.0,0.0,4.0,1624578354.1829948
81,9,feedback,0.6937252870525752,80,4.0,sub004,0.05,/home/watts/Desktop/ntblab/kailong/rt-cloud/projects/rtSynth_rt/expScripts/feedback/carchair_exp_feedback/bedTable_3_5.png,1.0,0.0,4.0,1624578356.2859929
82,9,feedback,0.5024364201883751,81,4.0,sub004,0.05,/home/watts/Desktop/ntblab/kailong/rt-cloud/projects/rtSynth_rt/expScripts/feedback/carchair_exp_feedback/bedTable_3_5.png,1.0,0.0,4.0,1624578358.1987693
83,9,feedback,0.49531594168348153,82,4.0,sub004,0.05,/home/watts/Desktop/ntblab/kailong/rt-cloud/projects/rtSynth_rt/expScripts/feedback/carchair_exp_feedback/bedTable_3_5.png,1.0,0.0,4.0,1624578360.3087676
84,9,ITI,0.46800017186127546,83,4.0,sub004,0.05,/home/watts/Desktop/ntblab/kailong/rt-cloud/projects/rtSynth_rt/expScripts/feedback/carchair_exp_feedback/bedTable_3_5.png,1.0,0.0,4.0,1624578362.209984
85,9,ITI,0.8429712742207673,84,4.0,sub004,0.05,/home/watts/Desktop/ntblab/kailong/rt-cloud/projects/rtSynth_rt/expScripts/feedback/carchair_exp_feedback/bedTable_3_5.png,1.0,0.0,4.0,1624578364.331114
86,9,ITI,0.6337277344113343,85,4.0,sub004,0.05,/home/watts/Desktop/ntblab/kailong/rt-cloud/projects/rtSynth_rt/expScripts/feedback/carchair_exp_feedback/bedTable_3_5.png,1.0,0.0,4.0,1624578366.2265344
87,9,ITI,0.4781373688624086,86,4.0,sub004,0.05,/home/watts/Desktop/ntblab/kailong/rt-cloud/projects/rtSynth_rt/expScripts/feedback/carchair_exp_feedback/bedTable_3_5.png,1.0,0.0,4.0,1624578368.22875
88,9,ITI,0.40896572378464435,87,4.0,sub004,0.05,/home/watts/Desktop/ntblab/kailong/rt-cloud/projects/rtSynth_rt/expScripts/feedback/carchair_exp_feedback/bedTable_3_5.png,1.0,0.0,4.0,1624578370.244715
89,9,ITI,0.04182921349793592,88,4.0,sub004,0.05,/home/watts/Desktop/ntblab/kailong/rt-cloud/projects/rtSynth_rt/expScripts/feedback/carchair_exp_feedback/bedTable_3_5.png,1.0,0.0,4.0,1624578372.1455383
90,9,waiting,0.0237544803385124,89,4.0,sub004,0.05,/home/watts/Desktop/ntblab/kailong/rt-cloud/projects/rtSynth_rt/expScripts/feedback/carchair_exp_feedback/bedTable_3_5.png,1.0,0.0,4.0,1624578374.2322726
91,13,waiting,0.476898139514764,90,4.0,sub004,0.05,/home/watts/Desktop/ntblab/kailong/rt-cloud/projects/rtSynth_rt/expScripts/feedback/carchair_exp_feedback/bedTable_3_5.png,1.0,0.0,4.0,1624578376.244417
92,13,waiting,0.6202529503517484,91,4.0,sub004,0.05,/home/watts/Desktop/ntblab/kailong/rt-cloud/projects/rtSynth_rt/expScripts/feedback/carchair_exp_feedback/bedTable_3_5.png,1.0,0.0,4.0,1624578378.1585217
93,13,feedback,0.4877971826067625,92,4.0,sub004,0.05,/home/watts/Desktop/ntblab/kailong/rt-cloud/projects/rtSynth_rt/expScripts/feedback/carchair_exp_feedback/bedTable_4_5.png,1.0,0.0,4.0,1624578380.2773147
94,9,feedback,0.8886445241186606,93,4.0,sub004,0.05,/home/watts/Desktop/ntblab/kailong/rt-cloud/projects/rtSynth_rt/expScripts/feedback/carchair_exp_feedback/bedTable_3_5.png,1.0,0.0,4.0,1624578382.1707997
95,9,feedback,0.513663533852467,94,4.0,sub004,0.05,/home/watts/Desktop/ntblab/kailong/rt-cloud/projects/rtSynth_rt/expScripts/feedback/carchair_exp_feedback/bedTable_3_5.png,1.0,0.0,4.0,1624578384.2710223
96,9,feedback,0.5930400378374188,95,4.0,sub004,0.05,/home/watts/Desktop/ntblab/kailong/rt-cloud/projects/rtSynth_rt/expScripts/feedback/carchair_exp_feedback/bedTable_3_5.png,1.0,0.0,4.0,1624578386.1586332
97,9,feedback,0.5271756614560356,96,4.0,sub004,0.05,/home/watts/Desktop/ntblab/kailong/rt-cloud/projects/rtSynth_rt/expScripts/feedback/carchair_exp_feedback/bedTable_3_5.png,1.0,0.0,4.0,1624578388.2487886
98,9,ITI,0.5879136349192909,97,4.0,sub004,0.05,/home/watts/Desktop/ntblab/kailong/rt-cloud/projects/rtSynth_rt/expScripts/feedback/carchair_exp_feedback/bedTable_3_5.png,1.0,0.0,4.0,1624578390.1510222
99,9,ITI,0.12982192010439966,98,4.0,sub004,0.05,/home/watts/Desktop/ntblab/kailong/rt-cloud/projects/rtSynth_rt/expScripts/feedback/carchair_exp_feedback/bedTable_3_5.png,1.0,0.0,4.0,1624578392.2236562
100,9,ITI,0.028095467107794418,99,4.0,sub004,0.05,/home/watts/Desktop/ntblab/kailong/rt-cloud/projects/rtSynth_rt/expScripts/feedback/carchair_exp_feedback/bedTable_3_5.png,1.0,0.0,4.0,1624578394.223839
101,9,ITI,0.4350872761450934,100,4.0,sub004,0.05,/home/watts/Desktop/ntblab/kailong/rt-cloud/projects/rtSynth_rt/expScripts/feedback/carchair_exp_feedback/bedTable_3_5.png,1.0,0.0,4.0,1624578396.224274
102,9,ITI,0.0009654260255725144,101,4.0,sub004,0.05,/home/watts/Desktop/ntblab/kailong/rt-cloud/projects/rtSynth_rt/expScripts/feedback/carchair_exp_feedback/bedTable_3_5.png,1.0,0.0,4.0,1624578398.223847
103,9,ITI,0.0002942128909348666,102,4.0,sub004,0.05,/home/watts/Desktop/ntblab/kailong/rt-cloud/projects/rtSynth_rt/expScripts/feedback/carchair_exp_feedback/bedTable_3_5.png,1.0,0.0,4.0,1624578400.2206764
104,9,waiting,0.0006234030063552864,103,4.0,sub004,0.05,/home/watts/Desktop/ntblab/kailong/rt-cloud/projects/rtSynth_rt/expScripts/feedback/carchair_exp_feedback/bedTable_3_5.png,1.0,0.0,4.0,1624578402.2788503
105,13,waiting,0.0003653581526594968,104,4.0,sub004,0.05,/home/watts/Desktop/ntblab/kailong/rt-cloud/projects/rtSynth_rt/expScripts/feedback/carchair_exp_feedback/bedTable_3_5.png,1.0,0.0,4.0,1624578404.18626
106,13,waiting,0.0009573635991667027,105,4.0,sub004,0.05,/home/watts/Desktop/ntblab/kailong/rt-cloud/projects/rtSynth_rt/expScripts/feedback/carchair_exp_feedback/bedTable_3_5.png,1.0,0.0,4.0,1624578406.2692025
107,13,feedback,0.4577021578561126,106,4.0,sub004,0.05,/home/watts/Desktop/ntblab/kailong/rt-cloud/projects/rtSynth_rt/expScripts/feedback/carchair_exp_feedback/bedTable_4_5.png,1.0,0.0,4.0,1624578408.1468322
108,13,feedback,0.051603224120812106,107,4.0,sub004,0.05,/home/watts/Desktop/ntblab/kailong/rt-cloud/projects/rtSynth_rt/expScripts/feedback/carchair_exp_feedback/bedTable_4_5.png,1.0,0.0,4.0,1624578410.2174454
109,13,feedback,0.5088498298732905,108,4.0,sub004,0.05,/home/watts/Desktop/ntblab/kailong/rt-cloud/projects/rtSynth_rt/expScripts/feedback/carchair_exp_feedback/bedTable_4_5.png,1.0,0.0,4.0,1624578412.3158956
110,9,feedback,0.8066363360659652,109,4.0,sub004,0.05,/home/watts/Desktop/ntblab/kailong/rt-cloud/projects/rtSynth_rt/expScripts/feedback/carchair_exp_feedback/bedTable_3_5.png,1.0,0.0,4.0,1624578414.187487
111,9,feedback,0.2626304556895789,110,4.0,sub004,0.05,/home/watts/Desktop/ntblab/kailong/rt-cloud/projects/rtSynth_rt/expScripts/feedback/carchair_exp_feedback/bedTable_3_5.png,1.0,0.0,4.0,1624578416.3037534
112,9,ITI,0.29693906401863734,111,4.0,sub004,0.05,/home/watts/Desktop/ntblab/kailong/rt-cloud/projects/rtSynth_rt/expScripts/feedback/carchair_exp_feedback/bedTable_3_5.png,1.0,0.0,4.0,1624578418.18498
113,9,ITI,0.5802196549461359,112,4.0,sub004,0.05,/home/watts/Desktop/ntblab/kailong/rt-cloud/projects/rtSynth_rt/expScripts/feedback/carchair_exp_feedback/bedTable_3_5.png,1.0,0.0,4.0,1624578420.3063822
114,9,ITI,0.24769041520305501,113,4.0,sub004,0.05,/home/watts/Desktop/ntblab/kailong/rt-cloud/projects/rtSynth_rt/expScripts/feedback/carchair_exp_feedback/bedTable_3_5.png,1.0,0.0,4.0,1624578422.201561
115,9,ITI,0.2957999669589183,114,4.0,sub004,0.05,/home/watts/Desktop/ntblab/kailong/rt-cloud/projects/rtSynth_rt/expScripts/feedback/carchair_exp_feedback/bedTable_3_5.png,1.0,0.0,4.0,1624578424.2937024
116,9,ITI,0.003756602101819553,115,4.0,sub004,0.05,/home/watts/Desktop/ntblab/kailong/rt-cloud/projects/rtSynth_rt/expScripts/feedback/carchair_exp_feedback/bedTable_3_5.png,1.0,0.0,4.0,1624578426.2043686
117,9,ITI,0.008967196150421644,116,4.0,sub004,0.05,/home/watts/Desktop/ntblab/kailong/rt-cloud/projects/rtSynth_rt/expScripts/feedback/carchair_exp_feedback/bedTable_3_5.png,1.0,0.0,4.0,1624578428.3122127
118,9,waiting,0.35469898963024926,117,4.0,sub004,0.05,/home/watts/Desktop/ntblab/kailong/rt-cloud/projects/rtSynth_rt/expScripts/feedback/carchair_exp_feedback/bedTable_3_5.png,1.0,0.0,4.0,1624578430.2165322
119,13,waiting,0.519930229075781,118,4.0,sub004,0.05,/home/watts/Desktop/ntblab/kailong/rt-cloud/projects/rtSynth_rt/expScripts/feedback/carchair_exp_feedback/bedTable_3_5.png,1.0,0.0,4.0,1624578432.3315256
120,13,waiting,0.19020404244956748,119,4.0,sub004,0.05,/home/watts/Desktop/ntblab/kailong/rt-cloud/projects/rtSynth_rt/expScripts/feedback/carchair_exp_feedback/bedTable_3_5.png,1.0,0.0,4.0,1624578434.2391744
121,13,feedback,0.28390594605589214,120,4.0,sub004,0.05,/home/watts/Desktop/ntblab/kailong/rt-cloud/projects/rtSynth_rt/expScripts/feedback/carchair_exp_feedback/bedTable_4_5.png,1.0,0.0,4.0,1624578436.133296
122,9,feedback,0.6859978248208201,121,4.0,sub004,0.05,/home/watts/Desktop/ntblab/kailong/rt-cloud/projects/rtSynth_rt/expScripts/feedback/carchair_exp_feedback/bedTable_3_5.png,1.0,0.0,4.0,1624578438.2358785
123,9,feedback,0.5285428451387904,122,4.0,sub004,0.05,/home/watts/Desktop/ntblab/kailong/rt-cloud/projects/rtSynth_rt/expScripts/feedback/carchair_exp_feedback/bedTable_3_5.png,1.0,0.0,4.0,1624578440.1555831
124,9,feedback,0.5807273069861354,123,4.0,sub004,0.05,/home/watts/Desktop/ntblab/kailong/rt-cloud/projects/rtSynth_rt/expScripts/feedback/carchair_exp_feedback/bedTable_3_5.png,1.0,0.0,4.0,1624578442.2791376
125,5,feedback,0.8506530319761662,124,4.0,sub004,0.05,/home/watts/Desktop/ntblab/kailong/rt-cloud/projects/rtSynth_rt/expScripts/feedback/carchair_exp_feedback/bedTable_2_5.png,1.0,0.0,4.0,1624578444.1782005
126,5,ITI,0.5141006499477769,125,4.0,sub004,0.05,/home/watts/Desktop/ntblab/kailong/rt-cloud/projects/rtSynth_rt/expScripts/feedback/carchair_exp_feedback/bedTable_2_5.png,1.0,0.0,4.0,1624578446.2901502
127,5,ITI,0.6095206865674206,126,4.0,sub004,0.05,/home/watts/Desktop/ntblab/kailong/rt-cloud/projects/rtSynth_rt/expScripts/feedback/carchair_exp_feedback/bedTable_2_5.png,1.0,0.0,5.0,1624578448.1942875
128,5,ITI,0.4071377053918757,127,4.0,sub004,0.05,/home/watts/Desktop/ntblab/kailong/rt-cloud/projects/rtSynth_rt/expScripts/feedback/carchair_exp_feedback/bedTable_2_5.png,1.0,0.0,5.0,1624578450.336282
129,5,ITI,0.14562919163532936,128,4.0,sub004,0.05,/home/watts/Desktop/ntblab/kailong/rt-cloud/projects/rtSynth_rt/expScripts/feedback/carchair_exp_feedback/bedTable_2_5.png,1.0,0.0,5.0,1624578452.2445292
130,5,ITI,0.017198030850244402,129,4.0,sub004,0.05,/home/watts/Desktop/ntblab/kailong/rt-cloud/projects/rtSynth_rt/expScripts/feedback/carchair_exp_feedback/bedTable_2_5.png,1.0,0.0,5.0,1624578454.181064
131,5,ITI,0.0037676621289366107,130,4.0,sub004,0.05,/home/watts/Desktop/ntblab/kailong/rt-cloud/projects/rtSynth_rt/expScripts/feedback/carchair_exp_feedback/bedTable_2_5.png,1.0,0.0,5.0,1624578456.2861872
132,5,waiting,0.5143598999691562,131,4.0,sub004,0.05,/home/watts/Desktop/ntblab/kailong/rt-cloud/projects/rtSynth_rt/expScripts/feedback/carchair_exp_feedback/bedTable_2_5.png,1.0,0.0,5.0,1624578458.1827095
133,13,waiting,0.6335142859905567,132,4.0,sub004,0.05,/home/watts/Desktop/ntblab/kailong/rt-cloud/projects/rtSynth_rt/expScripts/feedback/carchair_exp_feedback/bedTable_2_5.png,1.0,0.0,5.0,1624578460.2753482
134,13,waiting,0.14489694291006802,133,4.0,sub004,0.05,/home/watts/Desktop/ntblab/kailong/rt-cloud/projects/rtSynth_rt/expScripts/feedback/carchair_exp_feedback/bedTable_2_5.png,1.0,0.0,5.0,1624578462.2119887
135,13,feedback,0.28608347010132656,134,4.0,sub004,0.05,/home/watts/Desktop/ntblab/kailong/rt-cloud/projects/rtSynth_rt/expScripts/feedback/carchair_exp_feedback/bedTable_4_5.png,1.0,0.0,5.0,1624578464.3132226
136,13,feedback,0.5751544752171627,135,4.0,sub004,0.05,/home/watts/Desktop/ntblab/kailong/rt-cloud/projects/rtSynth_rt/expScripts/feedback/carchair_exp_feedback/bedTable_4_5.png,1.0,0.0,5.0,1624578466.2356887
137,9,feedback,0.8936413476312265,136,4.0,sub004,0.05,/home/watts/Desktop/ntblab/kailong/rt-cloud/projects/rtSynth_rt/expScripts/feedback/carchair_exp_feedback/bedTable_3_5.png,1.0,0.0,5.0,1624578468.1605687
138,9,feedback,0.5290930927079504,137,4.0,sub004,0.05,/home/watts/Desktop/ntblab/kailong/rt-cloud/projects/rtSynth_rt/expScripts/feedback/carchair_exp_feedback/bedTable_3_5.png,1.0,0.0,5.0,1624578470.2509212
139,9,feedback,0.5468933237509966,138,4.0,sub004,0.05,/home/watts/Desktop/ntblab/kailong/rt-cloud/projects/rtSynth_rt/expScripts/feedback/carchair_exp_feedback/bedTable_3_5.png,1.0,0.0,5.0,1624578472.1571674
140,9,ITI,0.48048705992520485,139,4.0,sub004,0.05,/home/watts/Desktop/ntblab/kailong/rt-cloud/projects/rtSynth_rt/expScripts/feedback/carchair_exp_feedback/bedTable_3_5.png,1.0,0.0,5.0,1624578474.2603607
141,9,ITI,0.5873569741199455,140,4.0,sub004,0.05,/home/watts/Desktop/ntblab/kailong/rt-cloud/projects/rtSynth_rt/expScripts/feedback/carchair_exp_feedback/bedTable_3_5.png,1.0,0.0,5.0,1624578476.1611726
142,9,ITI,0.3645251058763799,141,4.0,sub004,0.05,/home/watts/Desktop/ntblab/kailong/rt-cloud/projects/rtSynth_rt/expScripts/feedback/carchair_exp_feedback/bedTable_3_5.png,1.0,0.0,5.0,1624578478.2930393
143,9,ITI,0.48289801925918807,142,4.0,sub004,0.05,/home/watts/Desktop/ntblab/kailong/rt-cloud/projects/rtSynth_rt/expScripts/feedback/carchair_exp_feedback/bedTable_3_5.png,1.0,0.0,5.0,1624578480.1949658
144,9,ITI,0.00023687594747578075,143,4.0,sub004,0.05,/home/watts/Desktop/ntblab/kailong/rt-cloud/projects/rtSynth_rt/expScripts/feedback/carchair_exp_feedback/bedTable_3_5.png,1.0,0.0,5.0,1624578482.285408
145,9,ITI,0.5041331811332959,144,4.0,sub004,0.05,/home/watts/Desktop/ntblab/kailong/rt-cloud/projects/rtSynth_rt/expScripts/feedback/carchair_exp_feedback/bedTable_3_5.png,1.0,0.0,5.0,1624578484.189459
146,9,waiting,0.3756659116372636,145,4.0,sub004,0.05,/home/watts/Desktop/ntblab/kailong/rt-cloud/projects/rtSynth_rt/expScripts/feedback/carchair_exp_feedback/bedTable_3_5.png,1.0,0.0,5.0,1624578486.2857206
147,13,waiting,0.8660529477350443,146,4.0,sub004,0.05,/home/watts/Desktop/ntblab/kailong/rt-cloud/projects/rtSynth_rt/expScripts/feedback/carchair_exp_feedback/bedTable_3_5.png,1.0,0.0,5.0,1624578488.1653988
148,13,waiting,0.5850738449070827,147,4.0,sub004,0.05,/home/watts/Desktop/ntblab/kailong/rt-cloud/projects/rtSynth_rt/expScripts/feedback/carchair_exp_feedback/bedTable_3_5.png,1.0,0.0,5.0,1624578490.2220988
149,13,feedback,0.0768186422516656,148,4.0,sub004,0.05,/home/watts/Desktop/ntblab/kailong/rt-cloud/projects/rtSynth_rt/expScripts/feedback/carchair_exp_feedback/bedTable_4_5.png,1.0,0.0,5.0,1624578492.327126
150,13,feedback,0.34700204183049493,149,4.0,sub004,0.05,/home/watts/Desktop/ntblab/kailong/rt-cloud/projects/rtSynth_rt/expScripts/feedback/carchair_exp_feedback/bedTable_4_5.png,1.0,0.0,5.0,1624578494.2336652
151,13,feedback,0.48901554083463455,150,4.0,sub004,0.05,/home/watts/Desktop/ntblab/kailong/rt-cloud/projects/rtSynth_rt/expScripts/feedback/carchair_exp_feedback/bedTable_4_5.png,1.0,0.0,5.0,1624578496.2359555
152,9,feedback,0.6579109882852973,151,4.0,sub004,0.05,/home/watts/Desktop/ntblab/kailong/rt-cloud/projects/rtSynth_rt/expScripts/feedback/carchair_exp_feedback/bedTable_3_5.png,1.0,0.0,5.0,1624578498.1547065
153,9,feedback,0.15339276426316453,152,4.0,sub004,0.05,/home/watts/Desktop/ntblab/kailong/rt-cloud/projects/rtSynth_rt/expScripts/feedback/carchair_exp_feedback/bedTable_3_5.png,1.0,0.0,5.0,1624578500.22402
154,9,ITI,0.11973173759979153,153,4.0,sub004,0.05,/home/watts/Desktop/ntblab/kailong/rt-cloud/projects/rtSynth_rt/expScripts/feedback/carchair_exp_feedback/bedTable_3_5.png,1.0,0.0,5.0,1624578502.2101758
155,9,ITI,0.08679828662064232,154,4.0,sub004,0.05,/home/watts/Desktop/ntblab/kailong/rt-cloud/projects/rtSynth_rt/expScripts/feedback/carchair_exp_feedback/bedTable_3_5.png,1.0,0.0,5.0,1624578504.3134491
156,9,ITI,0.3070044432363947,155,4.0,sub004,0.05,/home/watts/Desktop/ntblab/kailong/rt-cloud/projects/rtSynth_rt/expScripts/feedback/carchair_exp_feedback/bedTable_3_5.png,1.0,0.0,5.0,1624578506.2476661
157,9,ITI,0.4524076364604308,156,4.0,sub004,0.05,/home/watts/Desktop/ntblab/kailong/rt-cloud/projects/rtSynth_rt/expScripts/feedback/carchair_exp_feedback/bedTable_3_5.png,1.0,0.0,5.0,1624578508.135763
158,9,ITI,0.40941569457102683,157,4.0,sub004,0.05,/home/watts/Desktop/ntblab/kailong/rt-cloud/projects/rtSynth_rt/expScripts/feedback/carchair_exp_feedback/bedTable_3_5.png,1.0,0.0,5.0,1624578510.2419522
159,9,ITI,0.2842714000545341,158,4.0,sub004,0.05,/home/watts/Desktop/ntblab/kailong/rt-cloud/projects/rtSynth_rt/expScripts/feedback/carchair_exp_feedback/bedTable_3_5.png,1.0,0.0,5.0,1624578512.117978
160,9,waiting,0.42962506818717666,159,4.0,sub004,0.05,/home/watts/Desktop/ntblab/kailong/rt-cloud/projects/rtSynth_rt/expScripts/feedback/carchair_exp_feedback/bedTable_3_5.png,1.0,0.0,5.0,1624578514.2160988
161,13,waiting,0.5189062884743443,160,4.0,sub004,0.05,/home/watts/Desktop/ntblab/kailong/rt-cloud/projects/rtSynth_rt/expScripts/feedback/carchair_exp_feedback/bedTable_3_5.png,1.0,0.0,5.0,1624578516.3218231
162,13,waiting,0.9215201063618883,161,4.0,sub004,0.05,/home/watts/Desktop/ntblab/kailong/rt-cloud/projects/rtSynth_rt/expScripts/feedback/carchair_exp_feedback/bedTable_3_5.png,1.0,0.0,5.0,1624578518.227229
163,9,feedback,0.6242209002460948,162,4.0,sub004,0.05,/home/watts/Desktop/ntblab/kailong/rt-cloud/projects/rtSynth_rt/expScripts/feedback/carchair_exp_feedback/bedTable_3_5.png,1.0,0.0,5.0,1624578520.2812133
164,5,feedback,0.978905474277453,163,4.0,sub004,0.05,/home/watts/Desktop/ntblab/kailong/rt-cloud/projects/rtSynth_rt/expScripts/feedback/carchair_exp_feedback/bedTable_2_5.png,1.0,0.0,5.0,1624578522.2140656
165,1,feedback,0.9976705421328282,164,4.0,sub004,0.05,/home/watts/Desktop/ntblab/kailong/rt-cloud/projects/rtSynth_rt/expScripts/feedback/carchair_exp_feedback/bedTable_1_5.png,1.0,0.0,5.0,1624578524.3228097
166,1,feedback,0.7859672570527367,165,4.0,sub004,0.05,/home/watts/Desktop/ntblab/kailong/rt-cloud/projects/rtSynth_rt/expScripts/feedback/carchair_exp_feedback/bedTable_1_5.png,1.0,0.0,5.0,1624578526.233459
167,1,feedback,0.9697211436437292,166,4.0,sub004,0.05,/home/watts/Desktop/ntblab/kailong/rt-cloud/projects/rtSynth_rt/expScripts/feedback/carchair_exp_feedback/bedTable_1_5.png,1.0,0.0,5.0,1624578528.2284117
168,1,ITI,0.4838059124321165,167,4.0,sub004,0.05,/home/watts/Desktop/ntblab/kailong/rt-cloud/projects/rtSynth_rt/expScripts/feedback/carchair_exp_feedback/bedTable_1_5.png,1.0,0.0,5.0,1624578530.259311
169,1,ITI,0.46529252581991615,168,4.0,sub004,0.05,/home/watts/Desktop/ntblab/kailong/rt-cloud/projects/rtSynth_rt/expScripts/feedback/carchair_exp_feedback/bedTable_1_5.png,2.0,0.0,6.0,1624578532.1714392
170,1,ITI,0.43634363200115167,169,4.0,sub004,0.05,/home/watts/Desktop/ntblab/kailong/rt-cloud/projects/rtSynth_rt/expScripts/feedback/carchair_exp_feedback/bedTable_1_5.png,2.0,0.0,6.0,1624578534.288881
171,1,ITI,0.10082917780769875,170,4.0,sub004,0.05,/home/watts/Desktop/ntblab/kailong/rt-cloud/projects/rtSynth_rt/expScripts/feedback/carchair_exp_feedback/bedTable_1_5.png,2.0,0.0,6.0,1624578536.1948168
172,1,ITI,0.637508511644959,171,4.0,sub004,0.05,/home/watts/Desktop/ntblab/kailong/rt-cloud/projects/rtSynth_rt/expScripts/feedback/carchair_exp_feedback/bedTable_1_5.png,2.0,0.0,6.0,1624578538.312465
173,1,ITI,0.09350333331010909,172,4.0,sub004,0.05,/home/watts/Desktop/ntblab/kailong/rt-cloud/projects/rtSynth_rt/expScripts/feedback/carchair_exp_feedback/bedTable_1_5.png,2.0,0.0,6.0,1624578540.2264795
